"lambda_32","lambda_33","lambda_34","lambda_35","lambda_36","lambda_37","lambda_38","lambda_39","lambda_40","lambda_41","lambda_42","lambda_43","lambda_44","lambda_45","lambda_46","lambda_47","lambda_48","lambda_49","lambda_50","lambda_51","lambda_52","lambda_53","lambda_54","lambda_55","lambda_56","lambda_57","lambda_58","lambda_59","lambda_60","lambda_61","lambda_62","lambda_63","lambda_64","lambda_65","lambda_66","lambda_67","lambda_68","lambda_69","lambda_70"
0.748699274697178,3.14814640422992,2.969872608594,1.01772816416746,0.837812373217942,0.77540489052056,0.826597167726951,0.514534475454715,0.76696958090612,1.04119495061043,2.33038322350161,1.17201254636843,0.954020988819383,1.04764679498766,0.977205009300661,1.13412866650594,1.44306663194544,1.26255004489862,1.21504918301452,1.14026751374402,0.870204409936623,0.98768102672547,1.04604437527935,0.851067451688838,1.20908470963286,0.83078915336088,1.16038883484092,0.967866693078409,1.23124501880564,1.03850269220062,0.856267587315374,0.94872164122788,1.04859903825565,0.943303096209947,1.02120334902393,1.04140101438875,0.865166591939538,0.77212640351909,0.969904426231745
